ID,Flat,Houses,Purchases
1,Studio,Single Family,None
2,1 Bedroom,Apartment,New Car
3,2 Bedroom,Townhouse,Furniture
4,3 Bedroom,Condominium,Appliances
5,Penthouse,Multi-Family,Vacation Home
6,Studio,Single Family,None
7,4 Bedroom,Apartment,New Car
8,5 Bedroom,Townhouse,Furniture
9,6 Bedroom,Condominium,Appliances
10,Penthouse,Multi-Family,Vacation Home
11,Studio,Single Family,None
12,7 Bedroom,Apartment,New Car
13,8 Bedroom,Townhouse,Furniture
14,9 Bedroom,Condominium,Appliances
15,Penthouse,Multi-Family,Vacation Home
16,Studio,Single Family,None
17,10 Bedroom,Apartment,New Car
18,11 Bedroom,Townhouse,Furniture
19,12 Bedroom,Condominium,Appliances
20,Penthouse,Multi-Family,Vacation Home
21,Studio,Single Family,None
22,13 Bedroom,Apartment,New Car
23,14 Bedroom,Townhouse,Furniture
24,15 Bedroom,Condominium,Appliances
25,Penthouse,Multi-Family,Vacation Home
26,Studio,Single Family,None
27,16 Bedroom,Apartment,New Car
28,17 Bedroom,Townhouse,Furniture
29,18 Bedroom,Condominium,Appliances
30,Penthouse,Multi-Family,Vacation Home
31,Studio,Single Family,None
32,19 Bedroom,Apartment,New Car
33,20 Bedroom,Townhouse,Furniture
34,21 Bedroom,Condominium,Appliances
35,Penthouse,Multi-Family,Vacation Home
36,Studio,Single Family,None
37,22 Bedroom,Apartment,New Car
38,23 Bedroom,Townhouse,Furniture
39,24 Bedroom,Condominium,Appliances
40,Penthouse,Multi-Family,Vacation Home
41,Studio,Single Family,None
42,25 Bedroom,Apartment,New Car
43,26 Bedroom,Townhouse,Furniture
44,27 Bedroom,Condominium,Appliances
45,Penthouse,Multi-Family,Vacation Home
46,Studio,Single Family,None
47,28 Bedroom,Apartment,New Car
48,29 Bedroom,Townhouse,Furniture
49,30 Bedroom,Condominium,Appliances
50,Penthouse,Multi-Family,Vacation Home